<?xml version="1.0" encoding="UTF-8"?>
<!DOCTYPE beans PUBLIC "-//SPRING//DTD BEAN 2.0//EN"
        "http://www.springframework.org/dtd/spring-beans-2.0.dtd">

<beans>
<!-- bean definitions here -->

<bean name="tb" class="mypack.TestBean" scope="prototype">
      <property name="empNo"  value="55000"></property>
      <property name="empName"  value="Priti"></property>
      <property name="empSal"  value="65000.50"></property>
      <property name="empDoj"  ref="d"></property> 
      <property name="empAddress"  ref="add"></property> 
      <property name="empHobbies">
    <list>
    <value>"reading"</value>
    <value>"writing"</value>
    </list>
    </property>
    
    <property name="projects">
    <set>
    <value>"online Banking System"</value>
    <value>"blood Bank"</value>
    </set>
    </property>
    
    <property name="empTeamMember">
    <map>
    <entry key="1" value="Chaitrali Gavali"></entry>
      <entry key="2" value="Chaitrali More"></entry>
    </map>
    </property>
    
    <property name="client">
    <list>
    <value>"Client 1"</value>
    <value>"Client 2"</value>
    </list>
    </property>
   
    </bean>
    <bean name="add" class="mypack.Address" scope="prototype">
    <property name="houseNum" value="511"></property>
     <property name="houseName" value="Navnita Vilaa"></property>
      <property name="pincode" value="415315"></property>
     
    </bean>
    <bean name="d" class="java.util.Date">
    </bean>

</beans>
