<?xml version="1.0" encoding="UTF-8"?>
<!DOCTYPE beans PUBLIC "-//SPRING//DTD BEAN 2.0//EN"
        "http://www.springframework.org/dtd/spring-beans-2.0.dtd">

<beans>

<!-- bean definitions here -->
<bean name="tb "  class="mypack.TestBean" scope="prototype">
	
   <constructor-arg value="101"></constructor-arg>
   <constructor-arg value="Chaitrali"></constructor-arg>
   <constructor-arg  value="550000"></constructor-arg>
   
   
    <constructor-arg ref="d"></constructor-arg>
    <constructor-arg ref="add"></constructor-arg>
    
    
    <constructor-arg >
                <list>
                   <value> Reading</value>
                   <value> Writing</value>
   
   
                </list>
   
    </constructor-arg>
    
    <constructor-arg >
                <set>
                   <value> project1</value>
                   <value> project2</value>
   
   
                </set>
   
    </constructor-arg>
    
    
     <constructor-arg>
                <map>
                   <entry key="1" value="team Member1"></entry>
                   <entry key="2" value="team Member2"></entry>
                   <entry key="3" value="team Member3"></entry>
                 
   
   
                </map>
   
    </constructor-arg>
    
    
     <constructor-arg>
                <list>
                   <value>client1 </value>
                
                </list>
   
    </constructor-arg>
   </bean>
 
<bean name="d" class="java.util.Date"></bean>

<bean name="add" class="mypack.Address">
        <constructor-arg value="501"></constructor-arg>
        <constructor-arg value="Mexicon"></constructor-arg>
        <constructor-arg value="412209"></constructor-arg>
    </bean>	
</beans>